"Genus","ARO_Accession","Resistance_Mechanism","Association","statistic","p.value","estimate","qval","Group","label.lm","label.con"
"Fusarium","3007180","antibiotic inactivation","Up",306,0.00350474436797717,-0.854545454545454,0.0735996317275206,"LM","LM: ρ=-0.85, q=0.074",NA
"Torulaspora","3000196","antibiotic target protection","Down",300,0.0068111327718268,-0.818181818181818,0.0613001949464412,"CON",NA,"CON: ρ=-0.82, q=0.061"
"Talaromyces","3000375","antibiotic target alteration","Up",298,0.00823557082285114,-0.806060606060606,0.122338309063398,"LM","LM: ρ=-0.81, q=0.12",NA
"Eremothecium","3000196","antibiotic target protection","Up",292,0.0136717821032753,-0.76969696969697,0.123046038929477,"CON",NA,"CON: ρ=-0.77, q=0.12"
"Eremothecium","3003923","antibiotic efflux","Up",284,0.0241945875284697,-0.721212121212121,0.341557243251302,"LM","LM: ρ=-0.72, q=0.34",NA
"Pichia","3000375","antibiotic target alteration","Down",284,0.0241945875284697,-0.721212121212121,0.11555930026698,"LM","LM: ρ=-0.72, q=0.12",NA
"Tetrapisispora","3007180","antibiotic inactivation","Down",284,0.0241945875284697,-0.721212121212121,0.413504797470514,"LM","LM: ρ=-0.72, q=0.41",NA
"Yarrowia","3000196","antibiotic target protection","Down",282,0.0275141191111855,-0.709090909090909,0.247627072000669,"CON",NA,"CON: ρ=-0.71, q=0.25"
"Eremothecium","3000518","antibiotic efflux","Up",278,0.0350915379341638,-0.684848484848485,0.341557243251302,"LM","LM: ρ=-0.68, q=0.34",NA
"Fusarium","3000196","antibiotic target protection","Up",278,0.0350915379341638,-0.684848484848485,0.36846114830872,"LM","LM: ρ=-0.68, q=0.37",NA
"Pichia","3000300","antibiotic target protection","Down",277.752597079394,0.0293766834796138,-0.683349073208448,0.132195075658262,"CON",NA,"CON: ρ=-0.68, q=0.13"
"Pichia","3002875","antibiotic target replacement","Down",277.752597079394,0.0293766834796138,-0.683349073208448,0.132195075658262,"CON",NA,"CON: ρ=-0.68, q=0.13"
"Tetrapisispora","3000300","antibiotic target protection","Down",277.752597079394,0.0293766834796138,-0.683349073208448,0.132195075658262,"CON",NA,"CON: ρ=-0.68, q=0.13"
"Tetrapisispora","3002875","antibiotic target replacement","Down",277.752597079394,0.0293766834796138,-0.683349073208448,0.132195075658262,"CON",NA,"CON: ρ=-0.68, q=0.13"
"Candida","3000196","antibiotic target protection","Up",274,0.0440265528478426,-0.660606060606061,0.36450875645134,"CON",NA,"CON: ρ=-0.66, q=0.36"
"Fusarium","3000191","antibiotic target protection","Up",273.328767883788,0.0392043863325568,-0.65653798717447,0.11761315899767,"CON",NA,"CON: ρ=-0.66, q=0.12"
"Debaryomyces","3005059","antibiotic efflux","Down",270,0.0544450679375418,-0.636363636363636,0.571673213344189,"LM","LM: ρ=-0.64, q=0.57",NA
"Candida","3003551","antibiotic efflux","Up",268.175390914319,0.05319086574442,-0.625305399480722,0.767758687912469,"LM","LM: ρ=-0.63, q=0.77",NA
"Tetrapisispora","3000196","antibiotic target protection","Down",268,0.0602489828244724,-0.624242424242424,0.180746948473417,"CON",NA,"CON: ρ=-0.62, q=0.18"
"Eremothecium","3002459","antibiotic inactivation","Up",267.310503001355,0.0558226334022219,-0.620063654553666,0.341557243251302,"LM","LM: ρ=-0.62, q=0.34",NA
"Candida","3007180","antibiotic inactivation","Up",264,0.0731198750392827,-0.6,0.767758687912469,"LM","LM: ρ=-0.6, q=0.77",NA
"Nakaseomyces","3000300","antibiotic target protection","Up",262.052868372137,0.0736814558838431,-0.588199202255373,0.221044367651529,"CON",NA,"CON: ρ=-0.59, q=0.22"
"Nakaseomyces","3002875","antibiotic target replacement","Up",262.052868372137,0.0736814558838431,-0.588199202255373,0.221044367651529,"CON",NA,"CON: ρ=-0.59, q=0.22"
"Talaromyces","3007180","antibiotic inactivation","Up",262,0.0802150639781515,-0.587878787878788,0.263304129784093,"LM","LM: ρ=-0.59, q=0.26",NA
"Torulaspora","3004122","reduced permeability to antibiotic","Down",260,0.0877680432613641,-0.575757575757576,0.821100701875563,"LM","LM: ρ=-0.58, q=0.82",NA
"Eremothecium","3004588","antibiotic efflux","Up",258,0.0957915691435819,-0.563636363636364,0.341557243251302,"LM","LM: ρ=-0.56, q=0.34",NA
"Torulaspora","3000190","antibiotic target protection","Down",257.806249789548,0.0905423460461193,-0.562462119936655,0.36450875645134,"CON",NA,"CON: ρ=-0.56, q=0.36"
"Eremothecium","3000300","antibiotic target protection","Up",256.826097913744,0.0947551671142035,-0.556521805537843,0.341557243251302,"LM","LM: ρ=-0.56, q=0.34",NA
"Eremothecium","3003948","antibiotic efflux","Up",255.672772782892,0.0998696630009896,-0.549531956259951,0.341557243251302,"LM","LM: ρ=-0.55, q=0.34",NA
"Pichia","3000196","antibiotic target protection","Down",254,0.113298067042129,-0.539393939393939,0.339894201126387,"CON",NA,"CON: ρ=-0.54, q=0.34"
"Pyricularia","3000196","antibiotic target protection","Up",254,0.113298067042129,-0.539393939393939,0.29300322578963,"CON",NA,"CON: ρ=-0.54, q=0.29"
"Debaryomyces","3000518","antibiotic efflux","Down",254,0.113298067042129,-0.539393939393939,0.793086469294903,"LM","LM: ρ=-0.54, q=0.79",NA
"Eremothecium","3003551","antibiotic efflux","Up",252.699082277171,0.113852414417101,-0.531509589558614,0.341557243251302,"LM","LM: ρ=-0.53, q=0.34",NA
"Talaromyces","3003551","antibiotic efflux","Up",252.699082277171,0.113852414417101,-0.531509589558614,0.270646414793642,"LM","LM: ρ=-0.53, q=0.27",NA
"Fusarium","3000375","antibiotic target alteration","Up",252,0.12280318761783,-0.527272727272727,0.467825739335171,"LM","LM: ρ=-0.53, q=0.47",NA
"Candida","3000375","antibiotic target alteration","Up",251.16843969807,0.121502918817113,-0.522232967867094,0.36450875645134,"CON",NA,"CON: ρ=-0.52, q=0.36"
"Debaryomyces","3000375","antibiotic target alteration","Down",251.16843969807,0.121502918817113,-0.522232967867094,0.412009521515099,"CON",NA,"CON: ρ=-0.52, q=0.41"
"Fusarium","3004580","antibiotic efflux","Up",251.16843969807,0.121502918817113,-0.522232967867094,0.218705253870804,"CON",NA,"CON: ρ=-0.52, q=0.22"
"Pyricularia","3000375","antibiotic target alteration","Up",251.16843969807,0.121502918817113,-0.522232967867094,0.29300322578963,"CON",NA,"CON: ρ=-0.52, q=0.29"
"Talaromyces","3000196","antibiotic target protection","Up",250,0.132823060175966,-0.515151515151515,0.278928426369528,"LM","LM: ρ=-0.52, q=0.28",NA
"Pyricularia","3003948","antibiotic efflux","Up",249.495106822366,0.130223655906502,-0.512091556499189,0.29300322578963,"CON",NA,"CON: ρ=-0.51, q=0.29"
"Yarrowia","3000190","antibiotic target protection","Down",249.272341762923,0.131412925043708,-0.510741465229836,0.591358162696686,"CON",NA,"CON: ρ=-0.51, q=0.59"
"Nakaseomyces","3000196","antibiotic target protection","Up",246,0.154442672733181,-0.490909090909091,0.277996810919725,"CON",NA,"CON: ρ=-0.49, q=0.28"
"Tetrapisispora","3000196","antibiotic target protection","Down",246,0.154442672733181,-0.490909090909091,0.907991205244752,"LM","LM: ρ=-0.49, q=0.91",NA
"Torulaspora","3000190","antibiotic target protection","Down",244.975345579879,0.155667251439218,-0.484699064120481,0.821100701875563,"LM","LM: ρ=-0.48, q=0.82",NA
"Candida","3003948","antibiotic efflux","Up",242.871910742954,0.168458332706264,-0.471950974199722,0.813974569035025,"LM","LM: ρ=-0.47, q=0.81",NA
"Eremothecium","3002875","antibiotic target replacement","Up",241.349789276596,0.178093509881046,-0.462725995615735,0.467495463437745,"LM","LM: ρ=-0.46, q=0.47",NA
"Debaryomyces","3000300","antibiotic target protection","Down",239.216899343399,0.192131997137238,-0.449799389959991,0.412009521515099,"CON",NA,"CON: ρ=-0.45, q=0.41"
"Debaryomyces","3002875","antibiotic target replacement","Down",239.216899343399,0.192131997137238,-0.449799389959991,0.412009521515099,"CON",NA,"CON: ρ=-0.45, q=0.41"
"Eremothecium","3000190","antibiotic target protection","Up",238.604956729642,0.196275599147384,-0.446090646846313,0.732386045689473,"CON",NA,"CON: ρ=-0.45, q=0.73"
"Eremothecium","3004122","reduced permeability to antibiotic","Up",238,0.204200583289326,-0.442424242424242,0.467918018994367,"LM","LM: ρ=-0.44, q=0.47",NA
"Nakaseomyces","3005053","antibiotic target alteration","Up",238,0.204200583289326,-0.442424242424242,0.981078622791151,"LM","LM: ρ=-0.44, q=0.98",NA
"Nakaseomyces","3000300","antibiotic target protection","Up",236.19101973088,0.213124726760704,-0.431460725641698,0.981078622791151,"LM","LM: ρ=-0.43, q=0.98",NA
"Torulaspora","3003922","antibiotic efflux","Down",236,0.218028474590315,-0.43030303030303,0.821100701875563,"LM","LM: ρ=-0.43, q=0.82",NA
"Candida","3000300","antibiotic target protection","Up",235.159265821737,0.220571289536283,-0.425207671646891,0.813974569035025,"LM","LM: ρ=-0.43, q=0.81",NA
"Eremothecium","3000190","antibiotic target protection","Up",234.851884114072,0.222818104283032,-0.423344752206496,0.467918018994367,"LM","LM: ρ=-0.42, q=0.47",NA
"Candida","3000190","antibiotic target protection","Up",234.338002716329,0.226603343210393,-0.420230319492903,0.509857522223385,"CON",NA,"CON: ρ=-0.42, q=0.51"
"Pichia","3007180","antibiotic inactivation","Down",234,0.232418098250503,-0.418181818181818,0.450636118341744,"LM","LM: ρ=-0.42, q=0.45",NA
"Torulaspora","3004588","antibiotic efflux","Down",234,0.232418098250503,-0.418181818181818,0.821100701875563,"LM","LM: ρ=-0.42, q=0.82",NA
"Debaryomyces","3003551","antibiotic efflux","Down",232.019897542944,0.244128681896491,-0.406181197229962,0.412009521515099,"CON",NA,"CON: ρ=-0.41, q=0.41"
"Eremothecium","3003551","antibiotic efflux","Up",232.019897542944,0.244128681896491,-0.406181197229962,0.732386045689473,"CON",NA,"CON: ρ=-0.41, q=0.73"
"Pichia","3003551","antibiotic efflux","Down",232.019897542944,0.244128681896491,-0.406181197229962,0.549289534267105,"CON",NA,"CON: ρ=-0.41, q=0.55"
"Tetrapisispora","3003551","antibiotic efflux","Down",232.019897542944,0.244128681896491,-0.406181197229962,0.372596825532459,"CON",NA,"CON: ρ=-0.41, q=0.37"
"Yarrowia","3000375","antibiotic target alteration","Down",232.019897542944,0.244128681896491,-0.406181197229962,0.599575322701175,"CON",NA,"CON: ρ=-0.41, q=0.6"
"Yarrowia","3000191","antibiotic target protection","Down",232.019897542944,0.244128681896491,-0.406181197229962,1,"LM","LM: ρ=-0.41, q=1",NA
"Debaryomyces","3004588","antibiotic efflux","Down",232,0.247370787611931,-0.406060606060606,1,"LM","LM: ρ=-0.41, q=1",NA
"Tetrapisispora","3003948","antibiotic efflux","Down",231.469484033595,0.248397883688306,-0.402845357779362,0.372596825532459,"CON",NA,"CON: ρ=-0.4, q=0.37"
"Talaromyces","3003948","antibiotic efflux","Up",230.071048703016,0.259430172039091,-0.394369992139494,0.415164446478053,"LM","LM: ρ=-0.39, q=0.42",NA
"Pichia","3003551","antibiotic efflux","Down",230.000496276021,0.259993799805438,-0.393942401672855,0.450636118341744,"LM","LM: ρ=-0.39, q=0.45",NA
"Torulaspora","3003923","antibiotic efflux","Down",230,0.262886783524689,-0.393939393939394,0.821100701875563,"LM","LM: ρ=-0.39, q=0.82",NA
"Yarrowia","3000191","antibiotic target protection","Down",229.194825412615,0.266477921200522,-0.389059547955241,0.599575322701175,"CON",NA,"CON: ρ=-0.39, q=0.6"
"Torulaspora","3000516","antibiotic efflux","Down",229.194825412615,0.266477921200522,-0.389059547955241,0.821100701875563,"LM","LM: ρ=-0.39, q=0.82",NA
"Nakaseomyces","3002875","antibiotic target replacement","Up",228.968742366878,0.268313228290157,-0.387689347678048,0.981078622791151,"LM","LM: ρ=-0.39, q=0.98",NA
"Candida","3000196","antibiotic target protection","Up",228,0.278965216116317,-0.381818181818182,0.813974569035025,"LM","LM: ρ=-0.38, q=0.81",NA
"Talaromyces","3000300","antibiotic target protection","Up",227.936988457735,0.276776297652035,-0.381436293683241,0.415164446478053,"LM","LM: ρ=-0.38, q=0.42",NA
"Torulaspora","3002459","antibiotic inactivation","Down",225.182648824326,0.300066969464665,-0.364743326208039,0.821100701875563,"LM","LM: ρ=-0.36, q=0.82",NA
"Torulaspora","3004580","antibiotic efflux","Down",224,0.312800267381167,-0.357575757575757,0.821100701875563,"LM","LM: ρ=-0.36, q=0.82",NA
"Nakaseomyces","3003551","antibiotic efflux","Up",223.809972821162,0.312049694218464,-0.356424077704012,0.981078622791151,"LM","LM: ρ=-0.36, q=0.98",NA
"Candida","3000375","antibiotic target alteration","Up",222,0.330549465992496,-0.345454545454545,0.813974569035025,"LM","LM: ρ=-0.35, q=0.81",NA
"Eremothecium","3004580","antibiotic efflux","Up",222,0.330549465992496,-0.345454545454545,0.563520855485786,"LM","LM: ρ=-0.35, q=0.56",NA
"Eremothecium","3007180","antibiotic inactivation","Up",222,0.330549465992496,-0.345454545454545,0.563520855485786,"LM","LM: ρ=-0.35, q=0.56",NA
"Pyricularia","3000375","antibiotic target alteration","Up",222,0.330549465992496,-0.345454545454545,0.890729754103174,"LM","LM: ρ=-0.35, q=0.89",NA
"Eremothecium","3000196","antibiotic target protection","Up",220,0.348846243872153,-0.333333333333333,0.563520855485786,"LM","LM: ρ=-0.33, q=0.56",NA
"Yarrowia","3000300","antibiotic target protection","Down",219.682957184589,0.349551937404899,-0.331411861724783,1,"LM","LM: ρ=-0.33, q=1",NA
"Pichia","3000196","antibiotic target protection","Down",218,0.367683999158498,-0.321212121212121,0.539498212025938,"LM","LM: ρ=-0.32, q=0.54",NA
"Torulaspora","3000518","antibiotic efflux","Down",218,0.367683999158498,-0.321212121212121,0.857929331369828,"LM","LM: ρ=-0.32, q=0.86",NA
"Pyricularia","3000190","antibiotic target protection","Up",215.136709656423,0.393354744416693,-0.303858846402561,0.5986907173408,"CON",NA,"CON: ρ=-0.3, q=0.6"
"Nakaseomyces","3003948","antibiotic efflux","Up",215.136709656423,0.393354744416693,-0.303858846402561,0.981078622791151,"LM","LM: ρ=-0.3, q=0.98",NA
"Candida","3002875","antibiotic target replacement","Up",214.524187638873,0.399449856585974,-0.300146591750747,0.838844698830545,"LM","LM: ρ=-0.3, q=0.84",NA
"Eremothecium","3000375","antibiotic target alteration","Up",212.871355387817,0.416120253507059,-0.29012942659283,0.936270570390883,"CON",NA,"CON: ρ=-0.29, q=0.94"
"Nakaseomyces","3003551","antibiotic efflux","Up",212.871355387817,0.416120253507059,-0.29012942659283,0.624180380260589,"CON",NA,"CON: ρ=-0.29, q=0.62"
"Torulaspora","3000375","antibiotic target alteration","Down",212.871355387817,0.416120253507059,-0.29012942659283,0.818974814317248,"CON",NA,"CON: ρ=-0.29, q=0.82"
"Pichia","3000300","antibiotic target protection","Down",211.428925911444,0.430930640169285,-0.281387429766325,0.539498212025938,"LM","LM: ρ=-0.28, q=0.54",NA
"Yarrowia","3003551","antibiotic efflux","Down",211.428925911444,0.430930640169285,-0.281387429766325,1,"LM","LM: ρ=-0.28, q=1",NA
"Pichia","3003948","antibiotic efflux","Down",210.86975564311,0.436736647830521,-0.277998519049151,0.539498212025938,"LM","LM: ρ=-0.28, q=0.54",NA
"Pyricularia","3007180","antibiotic inactivation","Up",210,0.448272158936988,-0.272727272727273,0.890729754103174,"LM","LM: ρ=-0.27, q=0.89",NA
"Tetrapisispora","3000375","antibiotic target alteration","Down",210,0.448272158936988,-0.272727272727273,0.907991205244752,"LM","LM: ρ=-0.27, q=0.91",NA
"Torulaspora","3000191","antibiotic target protection","Down",209.133942471173,0.454986007954027,-0.267478439219228,0.818974814317248,"CON",NA,"CON: ρ=-0.27, q=0.82"
"Nakaseomyces","3001855","antibiotic inactivation","Up",208.530884302972,0.461405071361409,-0.263823541230135,0.981078622791151,"LM","LM: ρ=-0.26, q=0.98",NA
"Eremothecium","3003922","antibiotic efflux","Up",206,0.491555497342584,-0.248484848484848,0.688177696279617,"LM","LM: ρ=-0.25, q=0.69",NA
"Pichia","3003948","antibiotic efflux","Down",204.431049850438,0.506085389282941,-0.238976059699622,0.759128083924412,"CON",NA,"CON: ρ=-0.24, q=0.76"
"Pyricularia","3000518","antibiotic efflux","Up",204,0.513898326223936,-0.236363636363636,0.890729754103174,"LM","LM: ρ=-0.24, q=0.89",NA
"Fusarium","3000190","antibiotic target protection","Up",202.335847616485,0.529592020309138,-0.226277864342333,0.59579102284778,"CON",NA,"CON: ρ=-0.23, q=0.6"
"Pyricularia","3000300","antibiotic target protection","Up",202.108449671699,0.532169526525156,-0.224899694979996,0.5986907173408,"CON",NA,"CON: ρ=-0.22, q=0.6"
"Pyricularia","3002875","antibiotic target replacement","Up",202.108449671699,0.532169526525156,-0.224899694979996,0.5986907173408,"CON",NA,"CON: ρ=-0.22, q=0.6"
"Debaryomyces","3003209","antibiotic inactivation","Down",202,0.536688086753551,-0.224242424242424,1,"LM","LM: ρ=-0.22, q=1",NA
"Torulaspora","3003209","antibiotic inactivation","Down",202,0.536688086753551,-0.224242424242424,0.928204968562251,"LM","LM: ρ=-0.22, q=0.93",NA
"Eremothecium","3000516","antibiotic efflux","Up",201.109589294596,0.543550917404024,-0.218845995724823,0.713410579092782,"LM","LM: ρ=-0.22, q=0.71",NA
"Yarrowia","3000375","antibiotic target alteration","Down",200,0.559908079271241,-0.212121212121212,1,"LM","LM: ρ=-0.21, q=1",NA
"Candida","3001855","antibiotic inactivation","Up",198.407422837165,0.574812552641861,-0.20246922931615,0.915854454638905,"LM","LM: ρ=-0.2, q=0.92",NA
"Yarrowia","3001855","antibiotic inactivation","Down",198.407422837165,0.574812552641861,-0.20246922931615,1,"LM","LM: ρ=-0.2, q=1",NA
"Debaryomyces","3000196","antibiotic target protection","Down",198,0.58354058456642,-0.2,0.656483157637223,"CON",NA,"CON: ρ=-0.2, q=0.66"
"Debaryomyces","3004580","antibiotic efflux","Down",198,0.58354058456642,-0.2,1,"LM","LM: ρ=-0.2, q=1",NA
"Torulaspora","3000196","antibiotic target protection","Down",198,0.58354058456642,-0.2,0.928204968562251,"LM","LM: ρ=-0.2, q=0.93",NA
"Debaryomyces","3002459","antibiotic inactivation","Down",197.097412706307,0.590206775859425,-0.194529773977621,1,"LM","LM: ρ=-0.19, q=1",NA
"Yarrowia","3000516","antibiotic efflux","Down",197.097412706307,0.590206775859425,-0.194529773977621,1,"LM","LM: ρ=-0.19, q=1",NA
"Tetrapisispora","3000518","antibiotic efflux","Down",194,0.631967363906088,-0.175757575757576,0.907991205244752,"LM","LM: ρ=-0.18, q=0.91",NA
"Fusarium","3000375","antibiotic target alteration","Up",193.72281323269,0.630536075556976,-0.174077655955698,0.630536075556976,"CON",NA,"CON: ρ=-0.17, q=0.63"
"Torulaspora","3003551","antibiotic efflux","Down",193.72281323269,0.630536075556976,-0.174077655955698,0.943272662504124,"CON",NA,"CON: ρ=-0.17, q=0.94"
"Yarrowia","3003551","antibiotic efflux","Down",193.72281323269,0.630536075556976,-0.174077655955698,0.720902433087236,"CON",NA,"CON: ρ=-0.17, q=0.72"
"Pyricularia","3000191","antibiotic target protection","Up",193.72281323269,0.630536075556976,-0.174077655955698,0.890729754103174,"LM","LM: ρ=-0.17, q=0.89",NA
"Tetrapisispora","3000191","antibiotic target protection","Down",193.72281323269,0.630536075556976,-0.174077655955698,0.907991205244752,"LM","LM: ρ=-0.17, q=0.91",NA
"Torulaspora","3000191","antibiotic target protection","Down",193.72281323269,0.630536075556976,-0.174077655955698,0.928204968562251,"LM","LM: ρ=-0.17, q=0.93",NA
"Eremothecium","3000191","antibiotic target protection","Up",191.079147823875,0.662762297244448,-0.158055441356817,0.940300529433952,"CON",NA,"CON: ρ=-0.16, q=0.94"
"Eremothecium","3003209","antibiotic inactivation","Up",190,0.681807643477163,-0.151515151515151,0.842232971354142,"LM","LM: ρ=-0.15, q=0.84",NA
"Yarrowia","3003948","antibiotic efflux","Down",189.534985576547,0.681822724838232,-0.148696882282104,1,"LM","LM: ρ=-0.15, q=1",NA
"Fusarium","3003551","antibiotic efflux","Up",188.730339910293,0.691820267084064,-0.143820241880566,0.815615652416095,"LM","LM: ρ=-0.14, q=0.82",NA
"Candida","3003923","antibiotic efflux","Up",188,0.707203785571239,-0.139393939393939,0.915854454638905,"LM","LM: ρ=-0.14, q=0.92",NA
"Tetrapisispora","3004122","reduced permeability to antibiotic","Down",188,0.707203785571239,-0.139393939393939,0.907991205244752,"LM","LM: ρ=-0.14, q=0.91",NA
"Torulaspora","3007180","antibiotic inactivation","Down",188,0.707203785571239,-0.139393939393939,0.928204968562251,"LM","LM: ρ=-0.14, q=0.93",NA
"Fusarium","3003948","antibiotic efflux","Up",187.401508569891,0.708424318328075,-0.1357667186054,0.815615652416095,"LM","LM: ρ=-0.14, q=0.82",NA
"Nakaseomyces","3003209","antibiotic inactivation","Up",186,0.732886836413125,-0.127272727272727,0.987959127584939,"LM","LM: ρ=-0.13, q=0.99",NA
"Yarrowia","3000518","antibiotic efflux","Down",186,0.732886836413125,-0.127272727272727,1,"LM","LM: ρ=-0.13, q=1",NA
"Eremothecium","3005053","antibiotic target alteration","Up",184,0.758833070490857,-0.115151515151515,0.864753528804526,"LM","LM: ρ=-0.12, q=0.86",NA
"Nakaseomyces","3000190","antibiotic target protection","Up",183.134554556578,0.762462917219955,-0.10990639125199,0.940300529433952,"CON",NA,"CON: ρ=-0.11, q=0.94"
"Candida","3000516","antibiotic efflux","Up",182.051750500226,0.77633406024091,-0.103343942425611,0.915854454638905,"LM","LM: ρ=-0.1, q=0.92",NA
"Candida","3004580","antibiotic efflux","Up",182,0.785018103976204,-0.103030303030303,0.915854454638905,"LM","LM: ρ=-0.1, q=0.92",NA
"Torulaspora","3003948","antibiotic efflux","Down",181.899021364473,0.778295260834846,-0.102418311299838,0.943272662504124,"CON",NA,"CON: ρ=-0.1, q=0.94"
"Debaryomyces","3001855","antibiotic inactivation","Down",180.185192198711,0.80037764473834,-0.0920314678709773,1,"LM","LM: ρ=-0.09, q=1",NA
"Eremothecium","3001855","antibiotic inactivation","Up",180.185192198711,0.80037764473834,-0.0920314678709773,0.864753528804526,"LM","LM: ρ=-0.09, q=0.86",NA
"Tetrapisispora","3000190","antibiotic target protection","Down",178.16049990555,0.826629420565529,-0.0797606054881803,0.907991205244752,"LM","LM: ρ=-0.08, q=0.91",NA
"Candida","3000518","antibiotic efflux","Up",178,0.83800409458326,-0.0787878787878788,0.926215051907814,"LM","LM: ρ=-0.08, q=0.93",NA
"Candida","3003948","antibiotic efflux","Up",177.39261566728,0.836627624494491,-0.0751067616198811,0.924403147263953,"CON",NA,"CON: ρ=-0.08, q=0.92"
"Torulaspora","3001855","antibiotic inactivation","Down",176.135807612388,0.853036803343083,-0.0674897431053834,0.942830151063408,"LM","LM: ρ=-0.07, q=0.94",NA
"Eremothecium","3000375","antibiotic target alteration","Up",176,0.864753528804526,-0.0666666666666667,0.864753528804526,"LM","LM: ρ=-0.07, q=0.86",NA
"Eremothecium","3005059","antibiotic efflux","Up",176,0.864753528804526,-0.0666666666666667,0.864753528804526,"LM","LM: ρ=-0.07, q=0.86",NA
"Nakaseomyces","3000375","antibiotic target alteration","Up",176,0.864753528804526,-0.0666666666666667,0.987959127584939,"LM","LM: ρ=-0.07, q=0.99",NA
"Pyricularia","3005059","antibiotic efflux","Up",176,0.864753528804526,-0.0666666666666667,0.907991205244752,"LM","LM: ρ=-0.07, q=0.91",NA
"Tetrapisispora","3003923","antibiotic efflux","Down",176,0.864753528804526,-0.0666666666666667,0.907991205244752,"LM","LM: ρ=-0.07, q=0.91",NA
"Eremothecium","3000300","antibiotic target protection","Up",174.990736450073,0.868031598583425,-0.0605499178792296,0.940300529433952,"CON",NA,"CON: ρ=-0.06, q=0.94"
"Eremothecium","3002875","antibiotic target replacement","Up",174.990736450073,0.868031598583425,-0.0605499178792296,0.940300529433952,"CON",NA,"CON: ρ=-0.06, q=0.94"
"Tetrapisispora","3000190","antibiotic target protection","Down",174.600646529953,0.873148747673779,-0.0581857365451712,0.873494892371295,"CON",NA,"CON: ρ=-0.06, q=0.87"
"Debaryomyces","3004580","antibiotic efflux","Down",174.574271077563,0.873494892371295,-0.058025885318566,0.873494892371295,"CON",NA,"CON: ρ=-0.06, q=0.87"
"Nakaseomyces","3000375","antibiotic target alteration","Up",174.574271077563,0.873494892371295,-0.058025885318566,0.940300529433952,"CON",NA,"CON: ρ=-0.06, q=0.94"
"Pichia","3000375","antibiotic target alteration","Down",174.574271077563,0.873494892371295,-0.058025885318566,0.929362010141401,"CON",NA,"CON: ρ=-0.06, q=0.93"
"Talaromyces","3000375","antibiotic target alteration","Up",174.574271077563,0.873494892371295,-0.058025885318566,0.929362010141401,"CON",NA,"CON: ρ=-0.06, q=0.93"
"Tetrapisispora","3000375","antibiotic target alteration","Down",174.574271077563,0.873494892371295,-0.058025885318566,0.873494892371295,"CON",NA,"CON: ρ=-0.06, q=0.87"
"Fusarium","3000191","antibiotic target protection","Up",174.574271077563,0.873494892371295,-0.058025885318566,0.877282158118091,"LM","LM: ρ=-0.06, q=0.88",NA
"Nakaseomyces","3000190","antibiotic target protection","Up",174.111115319227,0.879576332850594,-0.0552188807225864,0.987959127584939,"LM","LM: ρ=-0.06, q=0.99",NA
"Talaromyces","3000191","antibiotic target protection","Up",174.027397323649,0.880676201234614,-0.0547114989312058,0.929362010141401,"CON",NA,"CON: ρ=-0.05, q=0.93"
"Candida","3004588","antibiotic efflux","Up",174,0.891638843953117,-0.0545454545454545,0.936220786150773,"LM","LM: ρ=-0.05, q=0.94",NA
"Yarrowia","3005053","antibiotic target alteration","Down",174,0.891638843953117,-0.0545454545454545,1,"LM","LM: ρ=-0.05, q=1",NA
"Nakaseomyces","3002459","antibiotic inactivation","Up",173.024353176577,0.893867782100659,-0.0486324434944052,0.987959127584939,"LM","LM: ρ=-0.05, q=0.99",NA
"Talaromyces","3002875","antibiotic target replacement","Up",171.190523454859,0.918044094411811,-0.0375183239688433,0.918044094411811,"LM","LM: ρ=-0.04, q=0.92",NA
"Candida","3000300","antibiotic target protection","Up",170.708992257184,0.924403147263953,-0.0345999530738455,0.924403147263953,"CON",NA,"CON: ρ=-0.03, q=0.92"
"Candida","3002875","antibiotic target replacement","Up",170.708992257184,0.924403147263953,-0.0345999530738455,0.924403147263953,"CON",NA,"CON: ρ=-0.03, q=0.92"
"Pichia","3000190","antibiotic target protection","Down",170.333692516641,0.929362010141401,-0.0323254091917618,0.929362010141401,"CON",NA,"CON: ρ=-0.03, q=0.93"
"Torulaspora","3002875","antibiotic target replacement","Down",170.158769545716,0.93167403784024,-0.0312652699740361,0.972841176143636,"LM","LM: ρ=-0.03, q=0.97",NA
"Debaryomyces","3004122","reduced permeability to antibiotic","Down",170,0.945709808351989,-0.0303030303030303,1,"LM","LM: ρ=-0.03, q=1",NA
"Torulaspora","3000300","antibiotic target protection","Down",169.281744192888,0.943272662504124,-0.0259499648053841,0.943272662504124,"CON",NA,"CON: ρ=-0.03, q=0.94"
"Torulaspora","3002875","antibiotic target replacement","Down",169.281744192888,0.943272662504124,-0.0259499648053841,0.943272662504124,"CON",NA,"CON: ρ=-0.03, q=0.94"
"Torulaspora","3005059","antibiotic efflux","Down",168,0.972841176143636,-0.0181818181818182,0.972841176143636,"LM","LM: ρ=-0.02, q=0.97",NA
"Yarrowia","3003923","antibiotic efflux","Down",168,0.972841176143636,-0.0181818181818182,1,"LM","LM: ρ=-0.02, q=1",NA
"Pyricularia","3000300","antibiotic target protection","Up",167.063507818286,0.972647167098284,-0.0125061079896144,0.972647167098284,"LM","LM: ρ=-0.01, q=0.97",NA
"Debaryomyces","3000300","antibiotic target protection","Down",166.031753909143,0.986321979214696,-0.00625305399480722,1,"LM","LM: ρ=-0.01, q=1",NA
"Candida","3003922","antibiotic efflux","Up",166,1,-0.00606060606060606,1,"LM","LM: ρ=-0.01, q=1",NA
"Debaryomyces","3003923","antibiotic efflux","Down",166,1,-0.00606060606060606,1,"LM","LM: ρ=-0.01, q=1",NA
"Yarrowia","3000196","antibiotic target protection","Down",166,1,-0.00606060606060606,1,"LM","LM: ρ=-0.01, q=1",NA
"Nakaseomyces","3004580","antibiotic efflux","Up",164,1,0.00606060606060606,1,"LM","LM: ρ=0.01, q=1",NA
"Yarrowia","3005059","antibiotic efflux","Down",164,1,0.00606060606060606,1,"LM","LM: ρ=0.01, q=1",NA
"Tetrapisispora","3000516","antibiotic efflux","Down",163.996955852928,0.986702557645114,0.00607905543680065,0.986702557645114,"LM","LM: ρ=0.01, q=0.99",NA
"Eremothecium","3003948","antibiotic efflux","Up",160.493594302807,0.940300529433952,0.0273115496799568,0.940300529433952,"CON",NA,"CON: ρ=0.03, q=0.94"
"Nakaseomyces","3003948","antibiotic efflux","Up",160.493594302807,0.940300529433952,0.0273115496799568,0.940300529433952,"CON",NA,"CON: ρ=0.03, q=0.94"
"Debaryomyces","3003922","antibiotic efflux","Down",160,0.94570980835199,0.0303030303030303,1,"LM","LM: ρ=0.03, q=1",NA
"Nakaseomyces","3004588","antibiotic efflux","Up",160,0.94570980835199,0.0303030303030303,0.992995298769589,"LM","LM: ρ=0.03, q=0.99",NA
"Talaromyces","3000190","antibiotic target protection","Up",159.666307483359,0.929362010141401,0.0323254091917618,0.929362010141401,"CON",NA,"CON: ρ=0.03, q=0.93"
"Debaryomyces","3005053","antibiotic target alteration","Down",158,0.918633282432669,0.0424242424242424,1,"LM","LM: ρ=0.04, q=1",NA
"Yarrowia","3004122","reduced permeability to antibiotic","Down",158,0.918633282432669,0.0424242424242424,1,"LM","LM: ρ=0.04, q=1",NA
"Yarrowia","3002875","antibiotic target replacement","Down",157.777722635998,0.904433350336709,0.0437713779636506,1,"LM","LM: ρ=0.04, q=1",NA
"Nakaseomyces","3000518","antibiotic efflux","Up",156,0.891638843953118,0.0545454545454545,0.987959127584939,"LM","LM: ρ=0.05, q=0.99",NA
"Fusarium","3000300","antibiotic target protection","Up",155.714214817711,0.877282158118091,0.056277485953265,0.877282158118091,"LM","LM: ρ=0.06, q=0.88",NA
"Pichia","3002875","antibiotic target replacement","Down",155.714214817711,0.877282158118091,0.056277485953265,0.877282158118091,"LM","LM: ρ=0.06, q=0.88",NA
"Eremothecium","3004580","antibiotic efflux","Up",155.425728922437,0.873494892371295,0.058025885318566,0.940300529433952,"CON",NA,"CON: ρ=0.06, q=0.94"
"Pyricularia","3003551","antibiotic efflux","Up",155.425728922437,0.873494892371295,0.058025885318566,0.873494892371295,"CON",NA,"CON: ρ=0.06, q=0.87"
"Talaromyces","3003551","antibiotic efflux","Up",155.425728922437,0.873494892371295,0.058025885318566,0.929362010141401,"CON",NA,"CON: ρ=0.06, q=0.93"
"Pichia","3000191","antibiotic target protection","Down",155.425728922437,0.873494892371295,0.058025885318566,0.877282158118091,"LM","LM: ρ=0.06, q=0.88",NA
"Talaromyces","3000191","antibiotic target protection","Up",155.425728922437,0.873494892371295,0.058025885318566,0.91716963698986,"LM","LM: ρ=0.06, q=0.92",NA
"Nakaseomyces","3005059","antibiotic efflux","Up",154,0.864753528804526,0.0666666666666667,0.987959127584939,"LM","LM: ρ=0.07, q=0.99",NA
"Pyricularia","3000196","antibiotic target protection","Up",154,0.864753528804526,0.0666666666666667,0.907991205244752,"LM","LM: ρ=0.07, q=0.91",NA
"Tetrapisispora","3002459","antibiotic inactivation","Down",153.966514382207,0.854375060917278,0.0668696098048071,0.907991205244752,"LM","LM: ρ=0.07, q=0.91",NA
"Debaryomyces","3000190","antibiotic target protection","Down",153.864192387612,0.853036803343083,0.0674897431053834,1,"LM","LM: ρ=0.07, q=1",NA
"Torulaspora","3000300","antibiotic target protection","Down",153.650706999425,0.85024574294182,0.0687835939428795,0.942830151063408,"LM","LM: ρ=0.07, q=0.94",NA
"Debaryomyces","3000516","antibiotic efflux","Down",152.963470235135,0.841271267559294,0.0729486652416077,1,"LM","LM: ρ=0.07, q=1",NA
"Tetrapisispora","3003551","antibiotic efflux","Down",152.618953090282,0.836778419628783,0.0750366479376867,0.907991205244752,"LM","LM: ρ=0.08, q=0.91",NA
"Nakaseomyces","3003923","antibiotic efflux","Up",152,0.83800409458326,0.0787878787878788,0.987959127584939,"LM","LM: ρ=0.08, q=0.99",NA
"Yarrowia","3002459","antibiotic inactivation","Down",150.957381940991,0.815171544541529,0.085106776115209,1,"LM","LM: ρ=0.09, q=1",NA
"Tetrapisispora","3003922","antibiotic efflux","Down",150,0.811416953056797,0.0909090909090909,0.907991205244752,"LM","LM: ρ=0.09, q=0.91",NA
"Tetrapisispora","3004588","antibiotic efflux","Down",148,0.785018103976205,0.103030303030303,0.907991205244752,"LM","LM: ρ=0.1, q=0.91",NA
"Torulaspora","3005053","antibiotic target alteration","Down",148,0.785018103976205,0.103030303030303,0.942830151063408,"LM","LM: ρ=0.1, q=0.94",NA
"Candida","3002459","antibiotic inactivation","Up",147.948249499774,0.77633406024091,0.103343942425611,0.915854454638905,"LM","LM: ρ=0.1, q=0.92",NA
"Pyricularia","3000516","antibiotic efflux","Up",146.945205352702,0.763482646374149,0.109422997862412,0.890729754103174,"LM","LM: ρ=0.11, q=0.89",NA
"Tetrapisispora","3003948","antibiotic efflux","Down",146.865445443422,0.762462917219955,0.10990639125199,0.907991205244752,"LM","LM: ρ=0.11, q=0.91",NA
"Pyricularia","3003551","antibiotic efflux","Up",146.428429635423,0.756881552988749,0.11255497190653,0.890729754103174,"LM","LM: ρ=0.11, q=0.89",NA
"Pyricularia","3004122","reduced permeability to antibiotic","Up",146,0.758833070490857,0.115151515151515,0.890729754103174,"LM","LM: ρ=0.12, q=0.89",NA
"Pyricularia","3001855","antibiotic inactivation","Up",145.765423214966,0.748433303989289,0.116573192636571,0.890729754103174,"LM","LM: ρ=0.12, q=0.89",NA
"Fusarium","3000516","antibiotic efflux","Up",144.939117058558,0.737937971233609,0.121581108736013,0.815615652416095,"LM","LM: ρ=0.12, q=0.82",NA
"Candida","3005053","antibiotic target alteration","Up",144,0.732886836413125,0.127272727272727,0.915854454638905,"LM","LM: ρ=0.13, q=0.92",NA
"Fusarium","3003923","antibiotic efflux","Up",144,0.732886836413125,0.127272727272727,0.815615652416095,"LM","LM: ρ=0.13, q=0.82",NA
"Candida","3000190","antibiotic target protection","Up",143.740730921804,0.722786082611341,0.128844055019368,0.915854454638905,"LM","LM: ρ=0.13, q=0.92",NA
"Yarrowia","3000300","antibiotic target protection","Down",143.591279035558,0.720902433087236,0.129749824026921,0.720902433087236,"CON",NA,"CON: ρ=0.13, q=0.72"
"Yarrowia","3002875","antibiotic target replacement","Down",143.591279035558,0.720902433087236,0.129749824026921,0.720902433087236,"CON",NA,"CON: ρ=0.13, q=0.72"
"Fusarium","3003922","antibiotic efflux","Up",142,0.707203785571239,0.139393939393939,0.815615652416095,"LM","LM: ρ=0.14, q=0.82",NA
"Tetrapisispora","3005059","antibiotic efflux","Down",142,0.707203785571239,0.139393939393939,0.907991205244752,"LM","LM: ρ=0.14, q=0.91",NA
"Yarrowia","3007180","antibiotic inactivation","Down",142,0.707203785571239,0.139393939393939,1,"LM","LM: ρ=0.14, q=1",NA
"Talaromyces","3001855","antibiotic inactivation","Up",141.716038628643,0.697385072445867,0.141114917402165,0.770794027440169,"LM","LM: ρ=0.14, q=0.77",NA
"Torulaspora","3003948","antibiotic efflux","Down",140.465014423453,0.681822724838232,0.148696882282104,0.928204968562251,"LM","LM: ρ=0.15, q=0.93",NA
"Tetrapisispora","3000300","antibiotic target protection","Down",140.237906180563,0.679008929705254,0.150073295875373,0.907991205244752,"LM","LM: ρ=0.15, q=0.91",NA
"Talaromyces","3000196","antibiotic target protection","Up",140,0.681807643477163,0.151515151515151,0.929362010141401,"CON",NA,"CON: ρ=0.15, q=0.93"
"Candida","3004122","reduced permeability to antibiotic","Up",140,0.681807643477163,0.151515151515151,0.915854454638905,"LM","LM: ρ=0.15, q=0.92",NA
"Torulaspora","3003551","antibiotic efflux","Down",139.20615227142,0.666271176424814,0.156326349870181,0.928204968562251,"LM","LM: ρ=0.16, q=0.93",NA
"Nakaseomyces","3000516","antibiotic efflux","Up",138.920852176125,0.662762297244448,0.158055441356817,0.987959127584939,"LM","LM: ρ=0.16, q=0.99",NA
"Debaryomyces","3003551","antibiotic efflux","Down",137.142644453134,0.641027449317333,0.168832457859795,1,"LM","LM: ρ=0.17, q=1",NA
"Pichia","3004580","antibiotic efflux","Down",136.27718676731,0.630536075556976,0.174077655955698,0.810689240001827,"CON",NA,"CON: ρ=0.17, q=0.81"
"Yarrowia","3004580","antibiotic efflux","Down",136.27718676731,0.630536075556976,0.174077655955698,0.720902433087236,"CON",NA,"CON: ρ=0.17, q=0.72"
"Debaryomyces","3003948","antibiotic efflux","Down",136.19806041014,0.629579804222883,0.174557209635514,1,"LM","LM: ρ=0.17, q=1",NA
"Yarrowia","3004580","antibiotic efflux","Down",136,0.631967363906089,0.175757575757576,1,"LM","LM: ρ=0.18, q=1",NA
"Fusarium","3002875","antibiotic target replacement","Up",134.047382725704,0.603781683831368,0.187591619844217,0.815615652416095,"LM","LM: ρ=0.19, q=0.82",NA
"Debaryomyces","3000375","antibiotic target alteration","Down",134,0.607566897460635,0.187878787878788,1,"LM","LM: ρ=0.19, q=1",NA
"Pichia","3001855","antibiotic inactivation","Down",133.617269455997,0.598668304071766,0.190198366933353,0.661686020289846,"LM","LM: ρ=0.19, q=0.66",NA
"Candida","3000191","antibiotic target protection","Up",131.89954314662,0.578406144649845,0.200608829414421,0.867609216974767,"CON",NA,"CON: ρ=0.2, q=0.87"
"Pyricularia","3003948","antibiotic efflux","Up",129.797629390171,0.553970853505802,0.213347700665628,0.890729754103174,"LM","LM: ρ=0.21, q=0.89",NA
"Pyricularia","3000190","antibiotic target protection","Up",129.567884869674,0.551324748075931,0.214740091698947,0.890729754103174,"LM","LM: ρ=0.21, q=0.89",NA
"Debaryomyces","3007180","antibiotic inactivation","Down",128,0.536688086753551,0.224242424242424,1,"LM","LM: ρ=0.22, q=1",NA
"Fusarium","3004122","reduced permeability to antibiotic","Up",128,0.536688086753551,0.224242424242424,0.815615652416095,"LM","LM: ρ=0.22, q=0.82",NA
"Tetrapisispora","3004580","antibiotic efflux","Down",128,0.536688086753551,0.224242424242424,0.907991205244752,"LM","LM: ρ=0.22, q=0.91",NA
"Nakaseomyces","3004122","reduced permeability to antibiotic","Up",126,0.513898326223936,0.236363636363636,0.981078622791151,"LM","LM: ρ=0.24, q=0.98",NA
"Pyricularia","3003923","antibiotic efflux","Up",126,0.513898326223936,0.236363636363636,0.890729754103174,"LM","LM: ρ=0.24, q=0.89",NA
"Debaryomyces","3003948","antibiotic efflux","Down",125.568950149562,0.506085389282941,0.238976059699622,0.650681214792353,"CON",NA,"CON: ρ=0.24, q=0.65"
"Pichia","3000190","antibiotic target protection","Down",125.518500283351,0.505524849001354,0.239281816464541,0.58977899050158,"LM","LM: ρ=0.24, q=0.59",NA
"Pyricularia","3002459","antibiotic inactivation","Up",124.878234117116,0.49843371099778,0.243162217472026,0.890729754103174,"LM","LM: ρ=0.24, q=0.89",NA
"Fusarium","3000518","antibiotic efflux","Up",124,0.491555497342584,0.248484848484848,0.815615652416095,"LM","LM: ρ=0.25, q=0.82",NA
"Nakaseomyces","3003922","antibiotic efflux","Up",124,0.491555497342584,0.248484848484848,0.981078622791151,"LM","LM: ρ=0.25, q=0.98",NA
"Pyricularia","3000191","antibiotic target protection","Up",123.875189970044,0.487410415615349,0.249241272908826,0.5986907173408,"CON",NA,"CON: ρ=0.25, q=0.6"
"Fusarium","3000190","antibiotic target protection","Up",123.493807990189,0.483246886873894,0.251552678847338,0.815615652416095,"LM","LM: ρ=0.25, q=0.82",NA
"Tetrapisispora","3000191","antibiotic target protection","Down",122.872145822972,0.476493453351336,0.255320328345627,0.612634440023146,"CON",NA,"CON: ρ=0.26, q=0.61"
"Yarrowia","3003948","antibiotic efflux","Down",122.189145876668,0.469121616285919,0.259459721959589,0.720902433087236,"CON",NA,"CON: ρ=0.26, q=0.72"
"Torulaspora","3000375","antibiotic target alteration","Down",122,0.469675250206491,0.260606060606061,0.928204968562251,"LM","LM: ρ=0.26, q=0.93",NA
"Yarrowia","3003922","antibiotic efflux","Down",122,0.469675250206491,0.260606060606061,1,"LM","LM: ρ=0.26, q=1",NA
"Yarrowia","3003209","antibiotic inactivation","Down",120,0.448272158936988,0.272727272727273,1,"LM","LM: ρ=0.27, q=1",NA
"Talaromyces","3003948","antibiotic efflux","Up",119.935943028071,0.445165086875915,0.273115496799568,0.929362010141401,"CON",NA,"CON: ρ=0.27, q=0.93"
"Debaryomyces","3002875","antibiotic target replacement","Down",119.6028279977,0.44167143440754,0.275134375771518,1,"LM","LM: ρ=0.28, q=1",NA
"Talaromyces","3000516","antibiotic efflux","Up",117.856925087611,0.423567783826546,0.28571560552963,0.494162414464304,"LM","LM: ρ=0.29, q=0.49",NA
"Candida","3003551","antibiotic efflux","Up",117.128644612183,0.41612025350706,0.29012942659283,0.749016456312707,"CON",NA,"CON: ρ=0.29, q=0.75"
"Talaromyces","3004580","antibiotic efflux","Up",117.128644612183,0.41612025350706,0.29012942659283,0.929362010141401,"CON",NA,"CON: ρ=0.29, q=0.93"
"Eremothecium","3000191","antibiotic target protection","Up",117.128644612183,0.41612025350706,0.29012942659283,0.624180380260589,"LM","LM: ρ=0.29, q=0.62",NA
"Nakaseomyces","3000191","antibiotic target protection","Up",117.128644612183,0.41612025350706,0.29012942659283,0.981078622791151,"LM","LM: ρ=0.29, q=0.98",NA
"Fusarium","3000196","antibiotic target protection","Up",116,0.406950227375658,0.296969696969697,0.52322172091156,"CON",NA,"CON: ρ=0.3, q=0.52"
"Talaromyces","3000518","antibiotic efflux","Up",116,0.406950227375658,0.296969696969697,0.494162414464304,"LM","LM: ρ=0.3, q=0.49",NA
"Talaromyces","3003923","antibiotic efflux","Up",116,0.406950227375658,0.296969696969697,0.494162414464304,"LM","LM: ρ=0.3, q=0.49",NA
"Tetrapisispora","3001855","antibiotic inactivation","Down",115.395038817543,0.398643511478881,0.300636128378526,0.907991205244752,"LM","LM: ρ=0.3, q=0.91",NA
"Pichia","3000191","antibiotic target protection","Down",114.847792646395,0.393201115143298,0.303952771840032,0.707762007257936,"CON",NA,"CON: ρ=0.3, q=0.71"
"Nakaseomyces","3000196","antibiotic target protection","Up",114,0.387054968154447,0.309090909090909,0.981078622791151,"LM","LM: ρ=0.31, q=0.98",NA
"Pichia","3000518","antibiotic efflux","Down",114,0.387054968154447,0.309090909090909,0.539498212025938,"LM","LM: ρ=0.31, q=0.54",NA
"Fusarium","3003948","antibiotic efflux","Up",112.049733057984,0.365944050552804,0.320910708739492,0.52322172091156,"CON",NA,"CON: ρ=0.32, q=0.52"
"Fusarium","3001855","antibiotic inactivation","Up",111.34565423122,0.359237670714783,0.32517785314412,0.754399108501044,"LM","LM: ρ=0.33, q=0.75",NA
"Talaromyces","3000190","antibiotic target protection","Up",111.34565423122,0.359237670714783,0.32517785314412,0.494162414464304,"LM","LM: ρ=0.33, q=0.49",NA
"Candida","3005059","antibiotic efflux","Up",110,0.348846243872153,0.333333333333333,0.813974569035025,"LM","LM: ρ=0.33, q=0.81",NA
"Tetrapisispora","3002875","antibiotic target replacement","Down",108.253534997124,0.330526430920882,0.343917969714397,0.907991205244752,"LM","LM: ρ=0.34, q=0.91",NA
"Yarrowia","3004588","antibiotic efflux","Down",108,0.330549465992496,0.345454545454545,1,"LM","LM: ρ=0.35, q=1",NA
"Candida","3003209","antibiotic inactivation","Up",106,0.312800267381167,0.357575757575757,0.813974569035025,"LM","LM: ρ=0.36, q=0.81",NA
"Pyricularia","3004588","antibiotic efflux","Up",106,0.312800267381167,0.357575757575757,0.890729754103174,"LM","LM: ρ=0.36, q=0.89",NA
"Yarrowia","3000190","antibiotic target protection","Down",103.246885058574,0.286663189073527,0.374261302675308,1,"LM","LM: ρ=0.37, q=1",NA
"Pichia","3005053","antibiotic target alteration","Down",102,0.278965216116318,0.381818181818182,0.450636118341744,"LM","LM: ρ=0.38, q=0.45",NA
"Debaryomyces","3000191","antibiotic target protection","Down",101.808218734457,0.274673014343399,0.382980492518441,0.412009521515099,"CON",NA,"CON: ρ=0.38, q=0.41"
"Talaromyces","3005053","antibiotic target alteration","Up",100,0.26288678352469,0.393939393939394,0.415164446478053,"LM","LM: ρ=0.39, q=0.42",NA
"Talaromyces","3000300","antibiotic target protection","Up",99.3465890423782,0.254803602635924,0.397899460349223,0.929362010141401,"CON",NA,"CON: ρ=0.4, q=0.93"
"Talaromyces","3002875","antibiotic target replacement","Up",99.3465890423782,0.254803602635924,0.397899460349223,0.929362010141401,"CON",NA,"CON: ρ=0.4, q=0.93"
"Pichia","3003923","antibiotic efflux","Down",98,0.247370787611931,0.406060606060606,0.450636118341744,"LM","LM: ρ=0.41, q=0.45",NA
"Debaryomyces","3000191","antibiotic target protection","Down",97.9801024570563,0.244128681896491,0.406181197229962,1,"LM","LM: ρ=0.41, q=1",NA
"Fusarium","3002459","antibiotic inactivation","Up",96.7929979990968,0.235061976632694,0.413375769702444,0.548477945476287,"LM","LM: ρ=0.41, q=0.55",NA
"Pyricularia","3003922","antibiotic efflux","Up",96,0.232418098250503,0.418181818181818,0.890729754103174,"LM","LM: ρ=0.42, q=0.89",NA
"Tetrapisispora","3003209","antibiotic inactivation","Down",96,0.232418098250503,0.418181818181818,0.907991205244752,"LM","LM: ρ=0.42, q=0.91",NA
"Debaryomyces","3000190","antibiotic target protection","Down",93.5285202770147,0.211125882438227,0.433160483169608,0.412009521515099,"CON",NA,"CON: ρ=0.43, q=0.41"
"Nakaseomyces","3007180","antibiotic inactivation","Up",92,0.204200583289326,0.442424242424242,0.981078622791151,"LM","LM: ρ=0.44, q=0.98",NA
"Fusarium","3005059","antibiotic efflux","Up",88,0.178219329270541,0.466666666666667,0.467825739335171,"LM","LM: ρ=0.47, q=0.47",NA
"Pyricularia","3003209","antibiotic inactivation","Up",88,0.178219329270541,0.466666666666667,0.890729754103174,"LM","LM: ρ=0.47, q=0.89",NA
"Talaromyces","3004122","reduced permeability to antibiotic","Up",88,0.178219329270541,0.466666666666667,0.34023690133467,"LM","LM: ρ=0.47, q=0.34",NA
"Pichia","3000516","antibiotic efflux","Down",87.7656006754478,0.172455036093989,0.46808726863365,0.402395084219308,"LM","LM: ρ=0.47, q=0.4",NA
"Fusarium","3004588","antibiotic efflux","Up",86,0.166058037179348,0.478787878787879,0.467825739335171,"LM","LM: ρ=0.48, q=0.47",NA
"Pyricularia","3004580","antibiotic efflux","Up",86,0.166058037179348,0.478787878787879,0.890729754103174,"LM","LM: ρ=0.48, q=0.89",NA
"Pichia","3002459","antibiotic inactivation","Down",85.7595123813036,0.160067009646828,0.480245379507251,0.402395084219308,"LM","LM: ρ=0.48, q=0.4",NA
"Fusarium","3004580","antibiotic efflux","Up",82,0.14336680194002,0.503030303030303,0.467825739335171,"LM","LM: ρ=0.5, q=0.47",NA
"Pichia","3005059","antibiotic efflux","Down",82,0.14336680194002,0.503030303030303,0.402395084219308,"LM","LM: ρ=0.5, q=0.4",NA
"Candida","3004580","antibiotic efflux","Up",78.8315603019296,0.121502918817113,0.522232967867094,0.36450875645134,"CON",NA,"CON: ρ=0.52, q=0.36"
"Fusarium","3003551","antibiotic efflux","Up",78.8315603019296,0.121502918817113,0.522232967867094,0.218705253870804,"CON",NA,"CON: ρ=0.52, q=0.22"
"Nakaseomyces","3004580","antibiotic efflux","Up",78.8315603019296,0.121502918817113,0.522232967867094,0.273381567338505,"CON",NA,"CON: ρ=0.52, q=0.27"
"Pyricularia","3004580","antibiotic efflux","Up",78.8315603019296,0.121502918817113,0.522232967867094,0.29300322578963,"CON",NA,"CON: ρ=0.52, q=0.29"
"Tetrapisispora","3004580","antibiotic efflux","Down",78.8315603019296,0.121502918817113,0.522232967867094,0.273381567338505,"CON",NA,"CON: ρ=0.52, q=0.27"
"Torulaspora","3004580","antibiotic efflux","Down",78.8315603019296,0.121502918817113,0.522232967867094,0.36450875645134,"CON",NA,"CON: ρ=0.52, q=0.36"
"Candida","3000191","antibiotic target protection","Up",78.8315603019296,0.121502918817113,0.522232967867094,0.813974569035025,"LM","LM: ρ=0.52, q=0.81",NA
"Talaromyces","3002459","antibiotic inactivation","Up",77.7351592047267,0.115991320625846,0.528877823001656,0.270646414793642,"LM","LM: ρ=0.53, q=0.27",NA
"Pyricularia","3002875","antibiotic target replacement","Up",74.2056559953991,0.0993224803649861,0.550268751543036,0.890729754103174,"LM","LM: ρ=0.55, q=0.89",NA
"Pichia","3004122","reduced permeability to antibiotic","Down",70,0.0877680432613642,0.575757575757576,0.307188151414775,"LM","LM: ρ=0.58, q=0.31",NA
"Talaromyces","3003922","antibiotic efflux","Up",70,0.0877680432613642,0.575757575757576,0.263304129784093,"LM","LM: ρ=0.58, q=0.26",NA
"Fusarium","3005053","antibiotic target alteration","Up",66,0.0731198750392827,0.6,0.383879343956234,"LM","LM: ρ=0.6, q=0.38",NA
"Pyricularia","3005053","antibiotic target alteration","Up",64,0.0664691374895167,0.612121212121212,0.890729754103174,"LM","LM: ρ=0.61, q=0.89",NA
"Fusarium","3003209","antibiotic inactivation","Up",60,0.0544450679375418,0.636363636363636,0.381115475562793,"LM","LM: ρ=0.64, q=0.38",NA
"Talaromyces","3005059","antibiotic efflux","Up",60,0.0544450679375418,0.636363636363636,0.228669285337676,"LM","LM: ρ=0.64, q=0.23",NA
"Debaryomyces","3000196","antibiotic target protection","Down",56,0.0440265528478427,0.660606060606061,0.571673213344189,"LM","LM: ρ=0.66, q=0.57",NA
"Talaromyces","3004580","antibiotic efflux","Up",56,0.0440265528478427,0.660606060606061,0.228669285337676,"LM","LM: ρ=0.66, q=0.23",NA
"Tetrapisispora","3005053","antibiotic target alteration","Down",54,0.0393814092829061,0.672727272727273,0.413504797470514,"LM","LM: ρ=0.67, q=0.41",NA
"Nakaseomyces","3000191","antibiotic target protection","Up",53.6620996749962,0.0323118085420257,0.674775153484872,0.221044367651529,"CON",NA,"CON: ρ=0.67, q=0.22"
"Fusarium","3000300","antibiotic target protection","Up",49.3929067920138,0.024018509248755,0.700649049745371,0.108083291619397,"CON",NA,"CON: ρ=0.7, q=0.11"
"Fusarium","3002875","antibiotic target replacement","Up",49.3929067920138,0.024018509248755,0.700649049745371,0.108083291619397,"CON",NA,"CON: ρ=0.7, q=0.11"
"Pichia","3003209","antibiotic inactivation","Down",48,0.0275141191111856,0.709090909090909,0.11555930026698,"LM","LM: ρ=0.71, q=0.12",NA
"Pichia","3004588","antibiotic efflux","Down",46,0.0241945875284697,0.721212121212121,0.11555930026698,"LM","LM: ρ=0.72, q=0.12",NA
"Pichia","3004580","antibiotic efflux","Down",44,0.0211664810722656,0.733333333333333,0.11555930026698,"LM","LM: ρ=0.73, q=0.12",NA
"Talaromyces","3004588","antibiotic efflux","Up",44,0.0211664810722656,0.733333333333333,0.14816536750586,"LM","LM: ρ=0.73, q=0.15",NA
"Pichia","3003922","antibiotic efflux","Down",42,0.0184138413143277,0.745454545454545,0.11555930026698,"LM","LM: ρ=0.75, q=0.12",NA
"Talaromyces","3003209","antibiotic inactivation","Up",36,0.0116512675298474,0.781818181818182,0.122338309063398,"LM","LM: ρ=0.78, q=0.12",NA
